INSERT INTO users (username, email) VALUES
('neuro_explorer', 'neuro1@TeamMegamind.com'),
('brain_hacker', 'brainhacker@TeamMegamind.com'),
('mind_reader', 'mindreader@TeamMegamind.com');

INSERT INTO sessions (user_id, session_name, start_time, end_time) VALUES
(1, 'Session 1', '2025-03-02 08:00:00', '2025-03-02 08:30:00'),
(1, 'Session 2', '2025-03-02 18:00:00', '2025-03-02 18:45:00'),
(2, 'Session 1', '2025-03-02 22:00:00', '2025-03-02 06:00:00'),
(3, 'Session 1', '2025-03-02 14:00:00', '2025-03-02 14:45:00');

INSERT INTO brainwave_data (session_id, timestamp, alpha, beta, theta, delta, gamma, channel_1, channel_2, channel_3, channel_4, channel_5, channel_6, channel_7, channel_8, raw_data) VALUES
(1, '2025-03-02 08:00:00', 5.3, 3.2, 2.65, 1.9, 0.95, 1.2, 1.3, 1.4, 1.5, 1.6, 1.7, 1.8, 1.9, 'raw_data_1'),
(1, '2025-03-02 08:15:00', 5.4, 3.3, 2.66, 1.91, 0.96, 1.2, 1.3, 1.4, 1.5, 1.6, 1.7, 1.8, 1.9, 'raw_data_2'),
(1, '2025-03-02 08:30:00', 5.5, 3.4, 2.67, 1.92, 0.97, 1.2, 1.3, 1.4, 1.5, 1.6, 1.7, 1.8, 1.9, 'raw_data_3'),
(2, '2025-03-02 18:00:00', 6.0, 4.0, 3.2, 1.9, 1.2, 1.2, 1.3, 1.4, 1.5, 1.6, 1.7, 1.8, 1.9, 'raw_data_4'),
(2, '2025-03-02 18:15:00', 6.1, 4.1, 3.21, 1.91, 1.21, 1.2, 1.3, 1.4, 1.5, 1.6, 1.7, 1.8, 1.9, 'raw_data_5'),
(2, '2025-03-02 18:30:00', 6.2, 4.2, 3.22, 1.92, 1.22, 1.2, 1.3, 1.4, 1.5, 1.6, 1.7, 1.8, 1.9, 'raw_data_6'),
(2, '2025-03-02 18:45:00', 6.3, 4.3, 3.23, 1.93, 1.23, 1.2, 1.3, 1.4, 1.5, 1.6, 1.7, 1.8, 1.9, 'raw_data_7'),
(3, '2025-03-02 22:00:00', 2.2, 1.5, 5.8, 6.9, 0.5, 1.2, 1.3, 1.4, 1.5, 1.6, 1.7, 1.8, 1.9, 'raw_data_8'),
(3, '2025-03-02 22:15:00', 2.3, 1.6, 5.81, 6.91, 0.51, 1.2, 1.3, 1.4, 1.5, 1.6, 1.7, 1.8, 1.9, 'raw_data_9'),
(3, '2025-03-02 22:30:00', 2.4, 1.7, 5.82, 6.92, 0.52, 1.2, 1.3, 1.4, 1.5, 1.6, 1.7, 1.8, 1.9, 'raw_data_10'),
(3, '2025-03-02 22:45:00', 2.5, 1.8, 5.83, 6.93, 0.53, 1.2, 1.3, 1.4, 1.5, 1.6, 1.7, 1.8, 1.9, 'raw_data_11');

INSERT INTO brainwave_metrics (session_id, alpha_avg, beta_avg, theta_avg, delta_avg, gamma_avg, session_duration) VALUES
(1, 5.3, 3.2, 2.65, 1.9, 0.95, 1800), 
(2, 6.0, 4.0, 3.2, 1.9, 1.2, 2700), 
(3, 2.2, 1.5, 5.8, 6.9, 0.5, 28800),
(4, 4.8, 5.0, 2.1, 2.0, 3.2, 2700);
